"iso","year","logAssetsbyMoney"
"AUS",1870,NA
"AUS",1871,NA
"AUS",1872,NA
"AUS",1873,0.103687503083853
"AUS",1874,0.108565895149895
"AUS",1875,0.100453554246216
"AUS",1876,0.101761078572405
"AUS",1877,0.116247171947071
"AUS",1878,0.144907167081326
"AUS",1879,0.126351927060328
"AUS",1880,0.0479768099344568
"AUS",1881,0.0551664244126337
"AUS",1882,0.11352002237365
"AUS",1883,0.13346730659075
"AUS",1884,0.133321983979136
"AUS",1885,0.158773273724976
"AUS",1886,0.179311111344095
"AUS",1887,0.176076082987253
"AUS",1888,0.207913754977588
"AUS",1889,0.235706073891544
"AUS",1890,0.246734564095487
"AUS",1891,0.247475210402547
"AUS",1892,0.23446411409967
"AUS",1893,0.25429339057702
"AUS",1894,0.225578243453029
"AUS",1895,0.152421808138237
"AUS",1896,0.136515004500817
"AUS",1897,0.0993143877130412
"AUS",1898,0.055585838320286
"AUS",1899,-0.0214111353298243
"AUS",1900,-0.0408733525610439
"AUS",1901,-0.0721680746923757
"AUS",1902,-0.0972771078182986
"AUS",1903,-0.0988762894062175
"AUS",1904,-0.123967736928203
"AUS",1905,-0.17217521755936
"AUS",1906,-0.217625991556665
"AUS",1907,-0.219470608047652
"AUS",1908,-0.193206015571474
"AUS",1909,-0.247368292174666
"AUS",1910,-0.281627990253535
"AUS",1911,-0.250824137852569
"AUS",1912,-0.274449010289906
"AUS",1913,-0.293419714887046
"AUS",1914,-0.312712505228461
"AUS",1915,-0.268544625133858
"AUS",1916,-0.238869610724337
"AUS",1917,-0.369009590307588
"AUS",1918,-0.333150084577706
"AUS",1919,-0.272370776750412
"AUS",1920,-0.366227102061744
"AUS",1921,-0.267703847502146
"AUS",1922,-0.328600142074808
"AUS",1923,-0.310788520556411
"AUS",1924,-0.293552282089196
"AUS",1925,-0.2909401792194
"AUS",1926,-0.275993905543266
"AUS",1927,-0.244391169416039
"AUS",1928,-0.273807490790184
"AUS",1929,-0.39029589462975
"AUS",1930,-0.302422126562892
"AUS",1931,-0.244063649591518
"AUS",1932,-0.28880291562
"AUS",1933,-0.268272806334807
"AUS",1934,-0.295330471418965
"AUS",1935,-0.311337308243521
"AUS",1936,-0.343025549561974
"AUS",1937,-0.375085127954013
"AUS",1938,-0.369846558498352
"AUS",1939,-0.346417558238551
"AUS",1940,-0.330442123851468
"AUS",1941,-0.370183357851417
"AUS",1942,-0.307744869740163
"AUS",1943,-0.324085870635436
"AUS",1944,-0.392135146121735
"AUS",1945,-0.403763201809874
"AUS",1946,NA
"AUS",1947,NA
"AUS",1948,-0.0232394355262356
"AUS",1949,-0.0562671676385735
"AUS",1950,-0.1316869435463
"AUS",1951,-0.136608583794848
"AUS",1952,-0.0568855075674588
"AUS",1953,-0.0795612569562977
"AUS",1954,-0.0980323088235897
"AUS",1955,-0.0452579331847396
"AUS",1956,-0.0129840562708699
"AUS",1957,-0.0712117466020468
"AUS",1958,-0.0398355924561728
"AUS",1959,-0.0283215420795668
"AUS",1960,-0.0294448739505684
"AUS",1961,-0.0252637440341139
"AUS",1962,-0.0281690064179378
"AUS",1963,-0.0339610265998954
"AUS",1964,-0.0325132671468971
"AUS",1965,-0.0201296615148074
"AUS",1966,-0.0135591464753603
"AUS",1967,0.00446359293325584
"AUS",1968,0.0114977023930699
"AUS",1969,0.0397718804531954
"AUS",1970,0.0281328512258107
"AUS",1971,-0.00881386659745812
"AUS",1972,-0.0389353714680413
"AUS",1973,-0.048056566550305
"AUS",1974,0.0316442652888984
"AUS",1975,0.0511241974040189
"AUS",1976,-0.0363103905209134
"AUS",1977,-0.0396786623583057
"AUS",1978,-0.0203539400507779
"AUS",1979,-0.0070853596569243
"AUS",1980,-0.0129519217308027
"AUS",1981,0.0126367342214367
"AUS",1982,0.0406296917972558
"AUS",1983,0.0662269092876118
"AUS",1984,0.0870953346082154
"AUS",1985,0.160481436104272
"AUS",1986,0.288643131885373
"AUS",1987,0.381790122806229
"AUS",1988,0.423213799700251
"AUS",1989,0.444851599155875
"AUS",1990,0.438976169289762
"AUS",1991,0.454526135313824
"AUS",1992,0.455915126955049
"AUS",1993,0.44011882503582
"AUS",1994,0.427003023307352
"AUS",1995,0.431396421257021
"AUS",1996,0.443126095173663
"AUS",1997,0.463557059646865
"AUS",1998,0.472818922129461
"AUS",1999,0.501657485897385
"AUS",2000,0.536453506418381
"AUS",2001,0.497230061524955
"AUS",2002,0.614263733373659
"AUS",2003,0.651840337157397
"AUS",2004,0.68265400864267
"AUS",2005,0.710608339963649
"AUS",2006,0.75253179410352
"AUS",2007,0.777821240114619
"AUS",2008,0.844037671502224
"CAN",1870,NA
"CAN",1871,0.583897201753866
"CAN",1872,0.671554622260013
"CAN",1873,0.671055074318168
"CAN",1874,0.743890461051566
"CAN",1875,0.809662632797349
"CAN",1876,0.766350515107189
"CAN",1877,0.744679235016939
"CAN",1878,0.734179798519504
"CAN",1879,0.691018156185469
"CAN",1880,0.59665704665348
"CAN",1881,0.5683145424633
"CAN",1882,0.558316252869191
"CAN",1883,0.578192141369158
"CAN",1884,0.554070513836966
"CAN",1885,0.546105012179253
"CAN",1886,0.554692943307679
"CAN",1887,0.514846332210542
"CAN",1888,0.505486670099192
"CAN",1889,0.467627373975095
"CAN",1890,0.443072412868262
"CAN",1891,0.417286886658302
"CAN",1892,0.404484267166526
"CAN",1893,0.404479408553399
"CAN",1894,0.392488181540221
"CAN",1895,0.395275151600826
"CAN",1896,0.373233120172328
"CAN",1897,0.345118247241514
"CAN",1898,0.311436134977316
"CAN",1899,0.315158250980798
"CAN",1900,0.385721178304369
"CAN",1901,0.386259151227796
"CAN",1902,0.39813677579462
"CAN",1903,0.385458464098719
"CAN",1904,0.37231733004356
"CAN",1905,0.366975720861997
"CAN",1906,0.394728589245272
"CAN",1907,0.40253875147859
"CAN",1908,0.392961219168654
"CAN",1909,0.357242645780825
"CAN",1910,0.33468491998875
"CAN",1911,0.346521867370821
"CAN",1912,0.364446633243537
"CAN",1913,0.334539855367798
"CAN",1914,0.328789732514313
"CAN",1915,0.321623333751273
"CAN",1916,0.327440584927438
"CAN",1917,0.300535126623343
"CAN",1918,0.385225224580959
"CAN",1919,0.399416700351368
"CAN",1920,0.380269992418238
"CAN",1921,0.352989423735867
"CAN",1922,0.342216054087526
"CAN",1923,0.367313357254494
"CAN",1924,0.369428266950043
"CAN",1925,0.360232940939166
"CAN",1926,0.336472301497017
"CAN",1927,0.366625305352982
"CAN",1928,0.402587445300228
"CAN",1929,0.438965191080111
"CAN",1930,0.375387630121022
"CAN",1931,0.384995579349633
"CAN",1932,0.369986944610417
"CAN",1933,0.347182789348459
"CAN",1934,0.324553163390626
"CAN",1935,0.304825044612529
"CAN",1936,0.304897045246642
"CAN",1937,0.27988965530058
"CAN",1938,0.277340353860908
"CAN",1939,NA
"CAN",1940,NA
"CAN",1941,NA
"CAN",1942,NA
"CAN",1943,NA
"CAN",1944,NA
"CAN",1945,NA
"CAN",1946,NA
"CAN",1947,NA
"CAN",1948,0.0174194640028788
"CAN",1949,-0.0151785910240046
"CAN",1950,0.0271892188740331
"CAN",1951,0.000479783626791442
"CAN",1952,-0.0020274723733904
"CAN",1953,0.0334034898540503
"CAN",1954,0.0257818965189847
"CAN",1955,0.0757015081181548
"CAN",1956,0.070130626815735
"CAN",1957,0.0709670793053813
"CAN",1958,0.0632952267744077
"CAN",1959,0.0539544454937556
"CAN",1960,0.0695590262395114
"CAN",1961,0.0798293954394056
"CAN",1962,0.0862067628501501
"CAN",1963,0.0581144330441928
"CAN",1964,0.00742258820870239
"CAN",1965,0.0353754082093132
"CAN",1966,0.0197928655831614
"CAN",1967,-0.0263931982691839
"CAN",1968,-0.00151918813915272
"CAN",1969,-0.0240629623414056
"CAN",1970,-0.0301792146563593
"CAN",1971,0.0334373573444915
"CAN",1972,0.0631989894684249
"CAN",1973,0.081661860211113
"CAN",1974,0.122410014882375
"CAN",1975,0.0914210652746854
"CAN",1976,0.0875142559273914
"CAN",1977,0.108955784334643
"CAN",1978,0.150062234920437
"CAN",1979,0.17046593085351
"CAN",1980,0.157549269929562
"CAN",1981,0.222661785078515
"CAN",1982,0.201306548833188
"CAN",1983,0.141876676010873
"CAN",1984,0.113441317135463
"CAN",1985,0.0947899720830706
"CAN",1986,0.0624059737325502
"CAN",1987,0.101672108030202
"CAN",1988,0.121806372496826
"CAN",1989,0.0988013173242407
"CAN",1990,0.0970135761156208
"CAN",1991,0.114033723606156
"CAN",1992,0.123674329382919
"CAN",1993,0.236398555563892
"CAN",1994,0.303964156641164
"CAN",1995,0.32436969906035
"CAN",1996,0.421565161770529
"CAN",1997,0.552209934022235
"CAN",1998,0.539865065893558
"CAN",1999,0.570895477930884
"CAN",2000,0.602861339624317
"CAN",2001,0.607830218069153
"CAN",2002,0.606055156191008
"CAN",2003,0.635315337889847
"CAN",2004,0.67854026691238
"CAN",2005,0.692964170219902
"CAN",2006,0.693614616212911
"CAN",2007,0.75701125008917
"CAN",2008,0.739281814248029
"CHE",1870,NA
"CHE",1871,NA
"CHE",1872,NA
"CHE",1873,NA
"CHE",1874,NA
"CHE",1875,NA
"CHE",1876,NA
"CHE",1877,NA
"CHE",1878,NA
"CHE",1879,NA
"CHE",1880,0.705805577431869
"CHE",1881,0.737271985468883
"CHE",1882,0.819364897827347
"CHE",1883,0.827625094788499
"CHE",1884,0.784185437077147
"CHE",1885,0.802487496358199
"CHE",1886,0.801477073572574
"CHE",1887,0.774205337657069
"CHE",1888,0.811357475355493
"CHE",1889,0.836154561889228
"CHE",1890,0.867176190775891
"CHE",1891,0.925963426336664
"CHE",1892,0.925786785701385
"CHE",1893,0.939184551740008
"CHE",1894,0.920650960147133
"CHE",1895,0.932420113804039
"CHE",1896,0.929148886817524
"CHE",1897,0.957631212646835
"CHE",1898,0.98150016883696
"CHE",1899,0.993490693092653
"CHE",1900,0.996858629941277
"CHE",1901,1.05300723070725
"CHE",1902,0.996128290300895
"CHE",1903,1.01316371723196
"CHE",1904,1.00048407157214
"CHE",1905,1.00348727690431
"CHE",1906,0.976584720525072
"CHE",1907,0.917638138320989
"CHE",1908,0.894865227337968
"CHE",1909,0.861003505337957
"CHE",1910,0.859993810689486
"CHE",1911,0.87809463948955
"CHE",1912,0.909266836322156
"CHE",1913,0.949249388796494
"CHE",1914,0.889882257748613
"CHE",1915,0.879426998378496
"CHE",1916,0.82565444956436
"CHE",1917,0.7844685097226
"CHE",1918,0.717479972100887
"CHE",1919,0.692053025631219
"CHE",1920,0.683646665987425
"CHE",1921,0.686309806813662
"CHE",1922,0.669319200124373
"CHE",1923,0.629629755442504
"CHE",1924,0.683492870225438
"CHE",1925,0.661945287321894
"CHE",1926,0.654576743212673
"CHE",1927,0.676578999827054
"CHE",1928,0.668169918285474
"CHE",1929,0.675262226301092
"CHE",1930,0.665825422432099
"CHE",1931,0.579157999198435
"CHE",1932,0.559367185366316
"CHE",1933,0.56424256154516
"CHE",1934,0.557085468765006
"CHE",1935,0.5593647498145
"CHE",1936,0.520377393185465
"CHE",1937,0.460921082634867
"CHE",1938,0.413096459063206
"CHE",1939,0.367726694433565
"CHE",1940,0.336448943158522
"CHE",1941,NA
"CHE",1942,NA
"CHE",1943,NA
"CHE",1944,NA
"CHE",1945,NA
"CHE",1946,NA
"CHE",1947,NA
"CHE",1948,0.0983741132759669
"CHE",1949,0.0962541614614792
"CHE",1950,0.12162644232738
"CHE",1951,0.154239646560908
"CHE",1952,0.160525385687144
"CHE",1953,0.153181747563976
"CHE",1954,0.152838256793545
"CHE",1955,0.166725880683521
"CHE",1956,0.173873384701593
"CHE",1957,0.195861164276545
"CHE",1958,0.194050823255882
"CHE",1959,0.185489471426451
"CHE",1960,0.178330773836507
"CHE",1961,0.191385827882665
"CHE",1962,0.194537853753417
"CHE",1963,0.201464907705879
"CHE",1964,0.205901832597266
"CHE",1965,0.208015015178405
"CHE",1966,0.205798036477617
"CHE",1967,0.221798539835611
"CHE",1968,0.233338032802661
"CHE",1969,0.222837987004015
"CHE",1970,0.264204673621757
"CHE",1971,0.256804608583362
"CHE",1972,0.227745579894903
"CHE",1973,0.227271952564568
"CHE",1974,0.426043750666241
"CHE",1975,0.462297499875592
"CHE",1976,0.463255029828859
"CHE",1977,0.454794959772432
"CHE",1978,0.432175519140153
"CHE",1979,0.423647573366616
"CHE",1980,0.482304626622187
"CHE",1981,0.592909685939356
"CHE",1982,0.624452025070286
"CHE",1983,0.634512866084489
"CHE",1984,0.732400196542941
"CHE",1985,0.733328835086189
"CHE",1986,0.753845477559195
"CHE",1987,0.707356591179537
"CHE",1988,0.724884397349732
"CHE",1989,0.756897460350766
"CHE",1990,0.805391662940865
"CHE",1991,0.822259733828457
"CHE",1992,0.831001891789843
"CHE",1993,0.824664876270036
"CHE",1994,0.769011922581115
"CHE",1995,0.90583063395341
"CHE",1996,0.89298393602179
"CHE",1997,1.00702959586019
"CHE",1998,1.1600487828492
"CHE",1999,1.12123986656718
"CHE",2000,1.03229029853642
"CHE",2001,1.06424168922141
"CHE",2002,1.02382922390918
"CHE",2003,0.950001971961055
"CHE",2004,1.09132389677964
"CHE",2005,1.15050215178548
"CHE",2006,1.26128829195532
"CHE",2007,1.22744125472563
"CHE",2008,1.1976812992188
"DEU",1870,NA
"DEU",1871,NA
"DEU",1872,NA
"DEU",1873,NA
"DEU",1874,NA
"DEU",1875,NA
"DEU",1876,NA
"DEU",1877,NA
"DEU",1878,NA
"DEU",1879,NA
"DEU",1880,NA
"DEU",1881,NA
"DEU",1882,NA
"DEU",1883,0.243375882230334
"DEU",1884,0.238275641781483
"DEU",1885,0.260856633473224
"DEU",1886,0.268289914632794
"DEU",1887,0.300891862513942
"DEU",1888,0.325009287072479
"DEU",1889,0.358474205011198
"DEU",1890,0.384454156357391
"DEU",1891,0.400916770326857
"DEU",1892,0.42837298029032
"DEU",1893,0.447903848107726
"DEU",1894,0.467818432325106
"DEU",1895,0.467067755137841
"DEU",1896,0.497352798824091
"DEU",1897,0.506400216465254
"DEU",1898,0.51297541447347
"DEU",1899,0.525063009678076
"DEU",1900,0.510336283806316
"DEU",1901,0.491866588538036
"DEU",1902,0.475615609770821
"DEU",1903,0.479124995424971
"DEU",1904,0.471174789095505
"DEU",1905,0.465265753457833
"DEU",1906,0.45746663620159
"DEU",1907,0.623569940664629
"DEU",1908,0.469758818092154
"DEU",1909,0.463101420964773
"DEU",1910,0.458739121049518
"DEU",1911,0.46287739019794
"DEU",1912,0.439916095778311
"DEU",1913,0.439896144236399
"DEU",1914,NA
"DEU",1915,NA
"DEU",1916,NA
"DEU",1917,NA
"DEU",1918,NA
"DEU",1919,NA
"DEU",1920,NA
"DEU",1921,NA
"DEU",1922,NA
"DEU",1923,NA
"DEU",1924,NA
"DEU",1925,0.317298999398307
"DEU",1926,0.519071325196993
"DEU",1927,0.711174188000574
"DEU",1928,0.909473010591512
"DEU",1929,0.992121760074676
"DEU",1930,1.10733018517232
"DEU",1931,1.1934747028858
"DEU",1932,1.2624731228677
"DEU",1933,1.25228961334007
"DEU",1934,1.23702284359375
"DEU",1935,1.19658000366681
"DEU",1936,1.13833178239828
"DEU",1937,1.11999768429886
"DEU",1938,1.01743598424748
"DEU",1939,NA
"DEU",1940,NA
"DEU",1941,NA
"DEU",1942,NA
"DEU",1943,NA
"DEU",1944,NA
"DEU",1945,NA
"DEU",1946,NA
"DEU",1947,NA
"DEU",1948,NA
"DEU",1949,NA
"DEU",1950,NA
"DEU",1951,0.743963439956276
"DEU",1952,0.717635586774823
"DEU",1953,0.653749786265011
"DEU",1954,0.639331703590301
"DEU",1955,0.702969162878534
"DEU",1956,0.670147134476389
"DEU",1957,0.636748890748945
"DEU",1958,0.602740509002819
"DEU",1959,0.645877924014666
"DEU",1960,0.704927758335017
"DEU",1961,0.926839108357844
"DEU",1962,0.956627860087945
"DEU",1963,0.966485022366934
"DEU",1964,0.961421858280485
"DEU",1965,0.974103715586777
"DEU",1966,0.953943749480961
"DEU",1967,0.943346965432099
"DEU",1968,0.909864025654351
"DEU",1969,0.972357310758767
"DEU",1970,0.951378048100303
"DEU",1971,0.939057966242962
"DEU",1972,0.932026580756818
"DEU",1973,0.910719803942885
"DEU",1974,0.929795207044038
"DEU",1975,0.96345406848158
"DEU",1976,0.984260773003702
"DEU",1977,1.01882952018849
"DEU",1978,1.05228828812563
"DEU",1979,1.07982315428274
"DEU",1980,1.09893132909191
"DEU",1981,1.08887797107416
"DEU",1982,1.08988063649622
"DEU",1983,1.08692791345744
"DEU",1984,1.11452763158284
"DEU",1985,1.12940000833034
"DEU",1986,1.08696266376149
"DEU",1987,1.05626110456431
"DEU",1988,1.07204205978336
"DEU",1989,1.0585320754032
"DEU",1990,1.15128950054258
"DEU",1991,1.09625645184599
"DEU",1992,1.0823926117388
"DEU",1993,1.06839228290804
"DEU",1994,1.07996755296728
"DEU",1995,1.156282638875
"DEU",1996,1.19199514025895
"DEU",1997,1.24889169957393
"DEU",1998,1.32141294164131
"DEU",1999,1.35786468617501
"DEU",2000,1.43918470476409
"DEU",2001,1.40163458777228
"DEU",2002,1.3898109597429
"DEU",2003,1.33780878855579
"DEU",2004,1.33771634544471
"DEU",2005,1.29271753300627
"DEU",2006,1.25053226316322
"DEU",2007,1.1615237821781
"DEU",2008,1.10186552908295
"DNK",1870,NA
"DNK",1871,NA
"DNK",1872,NA
"DNK",1873,NA
"DNK",1874,NA
"DNK",1875,NA
"DNK",1876,NA
"DNK",1877,NA
"DNK",1878,NA
"DNK",1879,NA
"DNK",1880,NA
"DNK",1881,NA
"DNK",1882,NA
"DNK",1883,NA
"DNK",1884,NA
"DNK",1885,0
"DNK",1886,-0.0147060676267894
"DNK",1887,-0.0707690215261833
"DNK",1888,-0.0379792307486991
"DNK",1889,-0.0362578214910289
"DNK",1890,-0.0275579349095322
"DNK",1891,0.0100502919886118
"DNK",1892,0.00836830810644107
"DNK",1893,-0.00673402569435291
"DNK",1894,-0.0102041911208175
"DNK",1895,-0.0238106968505546
"DNK",1896,0.0320292912175555
"DNK",1897,0.0755075808407159
"DNK",1898,0.0850715055652411
"DNK",1899,0.145182045083726
"DNK",1900,0.176575318725461
"DNK",1901,0.194556051829625
"DNK",1902,0.17755685047121
"DNK",1903,0.231511752900307
"DNK",1904,0.266508600625391
"DNK",1905,0.250401250721383
"DNK",1906,0.286624402490484
"DNK",1907,0.365891653003493
"DNK",1908,0.410189413978885
"DNK",1909,0.429522662697038
"DNK",1910,0.447382029813304
"DNK",1911,0.409969674098754
"DNK",1912,0.430507224684548
"DNK",1913,0.449292411883572
"DNK",1914,0.434154013335386
"DNK",1915,0.370539939835194
"DNK",1916,0.258482901560015
"DNK",1917,0.163180051253729
"DNK",1918,0.0952903983404008
"DNK",1919,0.0868905620183022
"DNK",1920,0.143926511003497
"DNK",1921,0.169076302502983
"DNK",1922,0.229598150322678
"DNK",1923,0.255535814342672
"DNK",1924,0.339936439980816
"DNK",1925,0.340474166499773
"DNK",1926,0.362663681235635
"DNK",1927,0.350093060783372
"DNK",1928,0.362654365799083
"DNK",1929,0.376337920681058
"DNK",1930,0.389861107885341
"DNK",1931,0.428264050522613
"DNK",1932,0.459863415850254
"DNK",1933,0.446916497703119
"DNK",1934,0.46211709456044
"DNK",1935,0.513128559132814
"DNK",1936,0.49934856987821
"DNK",1937,0.499260211764993
"DNK",1938,0.493373200410291
"DNK",1939,0.465719109934307
"DNK",1940,0.437659300825444
"DNK",1941,0.345945274320969
"DNK",1942,0.326993478677274
"DNK",1943,0.18034003641934
"DNK",1944,0.0414648723241582
"DNK",1945,-0.0355433457625569
"DNK",1946,NA
"DNK",1947,NA
"DNK",1948,NA
"DNK",1949,NA
"DNK",1950,NA
"DNK",1951,-0.337403186147208
"DNK",1952,-0.343472579678323
"DNK",1953,-0.355701175921516
"DNK",1954,-0.320926546801651
"DNK",1955,-0.307762472311736
"DNK",1956,-0.298579730533172
"DNK",1957,-0.290429003773649
"DNK",1958,-0.302389861212645
"DNK",1959,-0.25288745369377
"DNK",1960,-0.165478273604039
"DNK",1961,-0.134073970866081
"DNK",1962,-0.0322206241416946
"DNK",1963,0.0509087782504272
"DNK",1964,0.0796293476221371
"DNK",1965,0.044834796443703
"DNK",1966,0.0888325798429079
"DNK",1967,0.137313773096299
"DNK",1968,0.205086980976346
"DNK",1969,0.221207907859819
"DNK",1970,0.290875536637223
"DNK",1971,0.366654303953795
"DNK",1972,0.477824372833951
"DNK",1973,0.468812785484507
"DNK",1974,0.545765063992547
"DNK",1975,0.466108579520491
"DNK",1976,0.466614400566427
"DNK",1977,0.502812662202667
"DNK",1978,0.54311528571489
"DNK",1979,0.55547094251995
"DNK",1980,0.539981478128944
"DNK",1981,0.547314243021528
"DNK",1982,0.547470172669343
"DNK",1983,0.604899868562521
"DNK",1984,0.595305409551843
"DNK",1985,0.67790206749477
"DNK",1986,0.729391091376414
"DNK",1987,0.736275770095901
"DNK",1988,0.787173517831215
"DNK",1989,0.861614532611264
"DNK",1990,0.872252210093861
"DNK",1991,0.80253491354094
"DNK",1992,0.701721764846428
"DNK",1993,0.575519669421677
"DNK",1994,0.583558689018778
"DNK",1995,0.623158807094111
"DNK",1996,0.627156281054428
"DNK",1997,0.679813831658591
"DNK",1998,0.768426777373837
"DNK",1999,0.834928757740085
"DNK",2000,1.01393681192425
"DNK",2001,1.08723384629095
"DNK",2002,1.05822023243426
"DNK",2003,0.982040408001184
"DNK",2004,1.05788168582396
"DNK",2005,1.07778793286503
"DNK",2006,1.12557467156216
"DNK",2007,1.19566731560507
"DNK",2008,1.19535214386523
"ESP",1870,NA
"ESP",1871,NA
"ESP",1872,NA
"ESP",1873,NA
"ESP",1874,NA
"ESP",1875,NA
"ESP",1876,NA
"ESP",1877,NA
"ESP",1878,NA
"ESP",1879,NA
"ESP",1880,NA
"ESP",1881,NA
"ESP",1882,NA
"ESP",1883,NA
"ESP",1884,NA
"ESP",1885,NA
"ESP",1886,NA
"ESP",1887,NA
"ESP",1888,NA
"ESP",1889,NA
"ESP",1890,NA
"ESP",1891,NA
"ESP",1892,NA
"ESP",1893,NA
"ESP",1894,NA
"ESP",1895,NA
"ESP",1896,NA
"ESP",1897,NA
"ESP",1898,NA
"ESP",1899,NA
"ESP",1900,-1.77732835440546
"ESP",1901,-1.7591944665499
"ESP",1902,-1.63481841437785
"ESP",1903,-1.66723648131723
"ESP",1904,-1.60265022221542
"ESP",1905,-1.46643935488772
"ESP",1906,-1.46294671264097
"ESP",1907,-1.44931234443394
"ESP",1908,-1.3433165990889
"ESP",1909,-1.33266846003457
"ESP",1910,-1.26524202642131
"ESP",1911,-1.14347583865951
"ESP",1912,-1.29029496748432
"ESP",1913,-1.31641345969499
"ESP",1914,-1.41440657157635
"ESP",1915,-1.42184842966686
"ESP",1916,-1.35728346276272
"ESP",1917,-1.3228041679953
"ESP",1918,-1.07598250032286
"ESP",1919,-1.0300330106247
"ESP",1920,-0.904865472293619
"ESP",1921,-0.815665579834719
"ESP",1922,-0.748293337249661
"ESP",1923,-0.734533635357552
"ESP",1924,-0.697964747197489
"ESP",1925,-0.719782055613108
"ESP",1926,-0.686315765091348
"ESP",1927,-0.605033859713735
"ESP",1928,-0.511087301119309
"ESP",1929,-0.458232617511803
"ESP",1930,-0.454052236723309
"ESP",1931,-0.542098343611318
"ESP",1932,-0.526416218556951
"ESP",1933,-0.503406719408979
"ESP",1934,-0.477274933088323
"ESP",1935,-0.477885025429897
"ESP",1936,NA
"ESP",1937,NA
"ESP",1938,NA
"ESP",1939,NA
"ESP",1940,NA
"ESP",1941,NA
"ESP",1942,-0.622236882837887
"ESP",1943,-0.584758222963084
"ESP",1944,-0.574474439867257
"ESP",1945,-0.539590593192572
"ESP",1946,-0.485978206253015
"ESP",1947,-0.42511678479828
"ESP",1948,-0.409309792760417
"ESP",1949,-0.409292572262118
"ESP",1950,-0.36683320944144
"ESP",1951,-0.357088111326359
"ESP",1952,-0.324338236882801
"ESP",1953,-0.285914074068149
"ESP",1954,-0.316976240322549
"ESP",1955,-0.307755416589135
"ESP",1956,-0.243613500659836
"ESP",1957,-0.245063508586544
"ESP",1958,-0.266645694639544
"ESP",1959,-0.281503460172733
"ESP",1960,-0.324304091253245
"ESP",1961,-0.321745783089608
"ESP",1962,-0.346805223906862
"ESP",1963,-0.370945325531252
"ESP",1964,-0.39252122358141
"ESP",1965,-0.373040301936816
"ESP",1966,-0.448772765303314
"ESP",1967,-0.446605857288071
"ESP",1968,-0.412494465958085
"ESP",1969,-0.38547803968722
"ESP",1970,-0.389012543435668
"ESP",1971,-0.373674473105428
"ESP",1972,-0.36375283245537
"ESP",1973,-0.344921104326129
"ESP",1974,-0.309782282695386
"ESP",1975,-0.294522896501456
"ESP",1976,-0.293597965054851
"ESP",1977,-0.302753162914017
"ESP",1978,-0.363892265443122
"ESP",1979,-0.351512367074711
"ESP",1980,-0.346938147029347
"ESP",1981,-0.339215722566964
"ESP",1982,-0.316197242759802
"ESP",1983,-0.325833838416157
"ESP",1984,-0.329827693902544
"ESP",1985,-0.262364264467491
"ESP",1986,-0.2340726218464
"ESP",1987,-0.185552577375401
"ESP",1988,-0.184521777703557
"ESP",1989,-0.184303717997946
"ESP",1990,-0.369533098882101
"ESP",1991,-0.311896330572375
"ESP",1992,-0.217412876605225
"ESP",1993,-0.161530787124881
"ESP",1994,-0.199361794751721
"ESP",1995,-0.228211518853453
"ESP",1996,-0.203656663640713
"ESP",1997,-0.121077931553236
"ESP",1998,-0.00701757265864653
"ESP",1999,-0.00160901080570066
"ESP",2000,0.0132647486584831
"ESP",2001,-0.0170944333593001
"ESP",2002,-0.00607904607638223
"ESP",2003,0.0370009564149683
"ESP",2004,0.0805145170712956
"ESP",2005,0.168464522132528
"ESP",2006,0.191761950573042
"ESP",2007,0.214656937436891
"ESP",2008,0.273153971888871
"FRA",1870,NA
"FRA",1871,NA
"FRA",1872,NA
"FRA",1873,NA
"FRA",1874,NA
"FRA",1875,NA
"FRA",1876,NA
"FRA",1877,NA
"FRA",1878,NA
"FRA",1879,NA
"FRA",1880,NA
"FRA",1881,NA
"FRA",1882,NA
"FRA",1883,NA
"FRA",1884,NA
"FRA",1885,NA
"FRA",1886,NA
"FRA",1887,NA
"FRA",1888,NA
"FRA",1889,NA
"FRA",1890,NA
"FRA",1891,NA
"FRA",1892,NA
"FRA",1893,NA
"FRA",1894,NA
"FRA",1895,NA
"FRA",1896,NA
"FRA",1897,NA
"FRA",1898,NA
"FRA",1899,NA
"FRA",1900,NA
"FRA",1901,NA
"FRA",1902,NA
"FRA",1903,NA
"FRA",1904,NA
"FRA",1905,NA
"FRA",1906,NA
"FRA",1907,NA
"FRA",1908,NA
"FRA",1909,NA
"FRA",1910,NA
"FRA",1911,NA
"FRA",1912,NA
"FRA",1913,NA
"FRA",1914,NA
"FRA",1915,NA
"FRA",1916,NA
"FRA",1917,NA
"FRA",1918,NA
"FRA",1919,NA
"FRA",1920,NA
"FRA",1921,NA
"FRA",1922,NA
"FRA",1923,NA
"FRA",1924,NA
"FRA",1925,NA
"FRA",1926,NA
"FRA",1927,NA
"FRA",1928,NA
"FRA",1929,NA
"FRA",1930,NA
"FRA",1931,NA
"FRA",1932,NA
"FRA",1933,NA
"FRA",1934,NA
"FRA",1935,NA
"FRA",1936,NA
"FRA",1937,NA
"FRA",1938,NA
"FRA",1939,NA
"FRA",1940,NA
"FRA",1941,NA
"FRA",1942,NA
"FRA",1943,NA
"FRA",1944,NA
"FRA",1945,NA
"FRA",1946,NA
"FRA",1947,NA
"FRA",1948,NA
"FRA",1949,-1.20949621691843
"FRA",1950,-1.30240200932538
"FRA",1951,-1.23010847663673
"FRA",1952,-1.20032654433919
"FRA",1953,-1.18926763611734
"FRA",1954,-1.21410672654814
"FRA",1955,-1.24915916635803
"FRA",1956,-1.19364230255642
"FRA",1957,-1.10343730429383
"FRA",1958,-1.12341648145519
"FRA",1959,-1.13868624182697
"FRA",1960,-1.14103661426472
"FRA",1961,-1.1465086579929
"FRA",1962,-1.16187119656255
"FRA",1963,-1.17945139704748
"FRA",1964,-1.17539700428573
"FRA",1965,-1.17549967186609
"FRA",1966,-1.14103146085951
"FRA",1967,-1.04773387185393
"FRA",1968,-0.951229687033206
"FRA",1969,-0.8229330256775
"FRA",1970,-0.666607396584123
"FRA",1971,-0.635330424914341
"FRA",1972,-0.598631954903147
"FRA",1973,-0.566358235279408
"FRA",1974,-0.519140632724554
"FRA",1975,-0.497943040012422
"FRA",1976,-0.361687487274804
"FRA",1977,-0.296975257558948
"FRA",1978,0.140269321491426
"FRA",1979,0.148446669384537
"FRA",1980,0.186263697668606
"FRA",1981,0.211707409790055
"FRA",1982,0.257030900283697
"FRA",1983,0.276538646264122
"FRA",1984,0.30068937307504
"FRA",1985,0.349305602794333
"FRA",1986,0.41447794423045
"FRA",1987,0.451579284002615
"FRA",1988,0.521911012764625
"FRA",1989,0.567070131119428
"FRA",1990,0.663071753413658
"FRA",1991,0.725814411844766
"FRA",1992,0.77694572195369
"FRA",1993,0.764912580794829
"FRA",1994,0.753035986875006
"FRA",1995,0.713424816436233
"FRA",1996,0.742336694906176
"FRA",1997,0.707601385567611
"FRA",1998,0.724528670813492
"FRA",1999,0.725418248161436
"FRA",2000,0.715263711084166
"FRA",2001,0.707137533785722
"FRA",2002,0.638713766416404
"FRA",2003,0.641232473168391
"FRA",2004,0.622581115908021
"FRA",2005,0.605921578836625
"FRA",2006,0.627142567637528
"FRA",2007,0.653332641811252
"FRA",2008,0.643761598394265
"GBR",1870,NA
"GBR",1871,NA
"GBR",1872,NA
"GBR",1873,NA
"GBR",1874,NA
"GBR",1875,NA
"GBR",1876,NA
"GBR",1877,NA
"GBR",1878,NA
"GBR",1879,NA
"GBR",1880,-0.13543797732941
"GBR",1881,-0.129158134630333
"GBR",1882,-0.121029915163126
"GBR",1883,-0.106780771786437
"GBR",1884,-0.0877310628017076
"GBR",1885,-0.0779132664186563
"GBR",1886,-0.0598622526414092
"GBR",1887,-0.0499641553549306
"GBR",1888,-0.0243785698817464
"GBR",1889,-0.0211245509101013
"GBR",1890,-0.0203989661306131
"GBR",1891,0.0972425555995684
"GBR",1892,0.00352162659096786
"GBR",1893,0.00150366197043499
"GBR",1894,0.00301781251659834
"GBR",1895,-0.000246606959631527
"GBR",1896,-0.0159280896490853
"GBR",1897,-0.00186650484175178
"GBR",1898,0.0040732594569407
"GBR",1899,0.00625790289694969
"GBR",1900,0.00287124269171099
"GBR",1901,0.00952437692556937
"GBR",1902,0.018085243849388
"GBR",1903,0.00968270416595979
"GBR",1904,0.0132170237078995
"GBR",1905,0.0277592731787614
"GBR",1906,0.0244421742548038
"GBR",1907,0.0187071601275698
"GBR",1908,0.023618896894131
"GBR",1909,0.0221713553278132
"GBR",1910,0.0215987256294521
"GBR",1911,0.0189622181283568
"GBR",1912,0.0175389486861966
"GBR",1913,0.0184260441636748
"GBR",1914,-0.00182679344386844
"GBR",1915,-0.0207907504309079
"GBR",1916,-0.0137774590238388
"GBR",1917,-0.0438175126937025
"GBR",1918,-0.0628380594297289
"GBR",1919,-0.0649261055686479
"GBR",1920,-0.0785853359297511
"GBR",1921,-0.05887867340947
"GBR",1922,-0.0537078524603645
"GBR",1923,-0.0517915175615197
"GBR",1924,-0.0464858841077098
"GBR",1925,-0.0427443170754278
"GBR",1926,-0.0384678693245782
"GBR",1927,-0.0332448281012166
"GBR",1928,-0.0261440164816535
"GBR",1929,-0.024232776047418
"GBR",1930,-0.0211629741770672
"GBR",1931,-0.0325755716810913
"GBR",1932,-0.0310321710424371
"GBR",1933,-0.0343216079278303
"GBR",1934,-0.0315915612065871
"GBR",1935,-0.0322285043832081
"GBR",1936,-0.0382211992397354
"GBR",1937,-0.0460760726470275
"GBR",1938,-0.0497265692382412
"GBR",1939,-0.0483422327051721
"GBR",1940,NA
"GBR",1941,NA
"GBR",1942,NA
"GBR",1943,NA
"GBR",1944,NA
"GBR",1945,NA
"GBR",1946,NA
"GBR",1947,NA
"GBR",1948,NA
"GBR",1949,NA
"GBR",1950,NA
"GBR",1951,-0.500871444509593
"GBR",1952,-0.664733634734747
"GBR",1953,-0.6928712410269
"GBR",1954,-0.639059603634685
"GBR",1955,-0.624908083285643
"GBR",1956,-0.573681657632989
"GBR",1957,-0.599329456472404
"GBR",1958,-0.458569360838586
"GBR",1959,-0.230906943853229
"GBR",1960,-0.101526395123589
"GBR",1961,-0.061918041348331
"GBR",1962,-0.0398412152872103
"GBR",1963,0.0815427118705466
"GBR",1964,0.161526483973718
"GBR",1965,0.145199123244111
"GBR",1966,0.0904073162336362
"GBR",1967,0.0414154031458247
"GBR",1968,0.0455931874303436
"GBR",1969,0.0555830082228463
"GBR",1970,0.0815531044195276
"GBR",1971,0.0883706138902101
"GBR",1972,0.310754424201569
"GBR",1973,0.419033433018692
"GBR",1974,0.479355109438669
"GBR",1975,0.364128630425498
"GBR",1976,0.4928229830287
"GBR",1977,0.415595854997388
"GBR",1978,0.420735626505898
"GBR",1979,0.461937781244666
"GBR",1980,0.460475220244282
"GBR",1981,0.627342499116354
"GBR",1982,0.729189654124009
"GBR",1983,0.760032274561426
"GBR",1984,0.86338153741207
"GBR",1985,0.716821529543918
"GBR",1986,0.775555864072803
"GBR",1987,0.636827089338355
"GBR",1988,0.645519942034087
"GBR",1989,0.654085917701259
"GBR",1990,0.660721161210956
"GBR",1991,0.662614068816882
"GBR",1992,0.698825797344596
"GBR",1993,0.692669453003624
"GBR",1994,0.690323133789078
"GBR",1995,0.718173119562503
"GBR",1996,0.729231115593617
"GBR",1997,0.798632681429295
"GBR",1998,0.812110619448456
"GBR",1999,0.862763899677399
"GBR",2000,0.901198075248889
"GBR",2001,0.895380649535189
"GBR",2002,0.896962231380505
"GBR",2003,0.915346443959219
"GBR",2004,0.93404989101895
"GBR",2005,0.963215262919798
"GBR",2006,0.944037603074386
"GBR",2007,1.01044530365697
"GBR",2008,0.924733017562866
"ITA",1870,NA
"ITA",1871,NA
"ITA",1872,NA
"ITA",1873,NA
"ITA",1874,NA
"ITA",1875,NA
"ITA",1876,NA
"ITA",1877,NA
"ITA",1878,NA
"ITA",1879,NA
"ITA",1880,-0.77418771281545
"ITA",1881,-0.701903403191662
"ITA",1882,-0.618376212590963
"ITA",1883,-0.58327270838878
"ITA",1884,-0.562616974890273
"ITA",1885,-0.480654392519095
"ITA",1886,-0.409187047185432
"ITA",1887,-0.362931427827883
"ITA",1888,-0.354439646561356
"ITA",1889,-0.372703670715337
"ITA",1890,-0.499120714412384
"ITA",1891,-0.502990631104103
"ITA",1892,-0.51431313637849
"ITA",1893,-0.530355108975768
"ITA",1894,-0.541699726939549
"ITA",1895,-0.513795356202642
"ITA",1896,-0.509640734794527
"ITA",1897,-0.496682787547549
"ITA",1898,-0.509767507247231
"ITA",1899,-0.500810173178935
"ITA",1900,-0.492779057624812
"ITA",1901,-0.478174125329548
"ITA",1902,-0.467196296863276
"ITA",1903,-0.452629683263205
"ITA",1904,-0.442051226915543
"ITA",1905,-0.396809048550252
"ITA",1906,-0.339113938772884
"ITA",1907,-0.393770765893264
"ITA",1908,-0.362511804025353
"ITA",1909,-0.338322799906503
"ITA",1910,-0.325293542889686
"ITA",1911,-0.304463684297375
"ITA",1912,-0.278328862710556
"ITA",1913,-0.284107391128226
"ITA",1914,-0.392236800942708
"ITA",1915,-0.477613958860171
"ITA",1916,-0.464826180306627
"ITA",1917,-0.500713318783904
"ITA",1918,-0.50391452631878
"ITA",1919,-0.433598487892422
"ITA",1920,-0.363464430583949
"ITA",1921,-0.139274443168388
"ITA",1922,-0.177212876875148
"ITA",1923,-0.24963701110111
"ITA",1924,-0.179006847806823
"ITA",1925,-0.162046811500967
"ITA",1926,-0.202351160930907
"ITA",1927,-0.169751700004609
"ITA",1928,-0.14761870270547
"ITA",1929,-0.168044827617584
"ITA",1930,-0.17936356988712
"ITA",1931,-0.240969632654844
"ITA",1932,-0.229409606911946
"ITA",1933,-0.243539247668616
"ITA",1934,-0.262083707040622
"ITA",1935,-0.300664961290315
"ITA",1936,-0.40878610062942
"ITA",1937,-0.357212766927358
"ITA",1938,-0.350847346869251
"ITA",1939,-0.418031756974991
"ITA",1940,-0.440044106726122
"ITA",1941,NA
"ITA",1942,NA
"ITA",1943,NA
"ITA",1944,NA
"ITA",1945,NA
"ITA",1946,NA
"ITA",1947,NA
"ITA",1948,NA
"ITA",1949,NA
"ITA",1950,-0.161691561811871
"ITA",1951,-0.126652102391996
"ITA",1952,-0.0802453448523623
"ITA",1953,-0.0555741534421218
"ITA",1954,-0.0155148303255802
"ITA",1955,0.024636771215131
"ITA",1956,0.0378004447295873
"ITA",1957,0.0471603939725819
"ITA",1958,0.0846325646932616
"ITA",1959,0.102506944656304
"ITA",1960,0.122672362910593
"ITA",1961,0.135786790033597
"ITA",1962,0.176069136023924
"ITA",1963,0.229867508513951
"ITA",1964,0.250977254415784
"ITA",1965,0.254132565226086
"ITA",1966,0.290789051908391
"ITA",1967,0.307343260291361
"ITA",1968,0.345780213476256
"ITA",1969,0.366742585871421
"ITA",1970,0.394031448161282
"ITA",1971,0.417424040127926
"ITA",1972,0.427321543070757
"ITA",1973,0.461208250191629
"ITA",1974,0.448497788506136
"ITA",1975,0.443577741365139
"ITA",1976,0.437071111311944
"ITA",1977,0.431633492593178
"ITA",1978,0.40199985270133
"ITA",1979,0.370275929978402
"ITA",1980,0.407483348915282
"ITA",1981,0.397163507578084
"ITA",1982,0.383469633038889
"ITA",1983,0.427110541264187
"ITA",1984,0.498326619419724
"ITA",1985,0.504420886202573
"ITA",1986,0.522185337367987
"ITA",1987,0.486157029681268
"ITA",1988,0.475561370277159
"ITA",1989,0.453922076517176
"ITA",1990,0.435771903185585
"ITA",1991,0.445897173303092
"ITA",1992,0.510513338155706
"ITA",1993,0.520817313543416
"ITA",1994,0.510074029804753
"ITA",1995,0.4777922130636
"ITA",1996,0.502226904317633
"ITA",1997,0.566215157878558
"ITA",1998,0.610442210843583
"ITA",1999,0.644892823182512
"ITA",2000,0.682789917433938
"ITA",2001,0.623835415937512
"ITA",2002,0.610943096235151
"ITA",2003,0.569447005514009
"ITA",2004,0.58821699459912
"ITA",2005,0.62464514457454
"ITA",2006,0.657314301204431
"ITA",2007,0.76039823774209
"ITA",2008,0.778715112470223
"JPN",1870,NA
"JPN",1871,NA
"JPN",1872,NA
"JPN",1873,NA
"JPN",1874,NA
"JPN",1875,NA
"JPN",1876,NA
"JPN",1877,NA
"JPN",1878,NA
"JPN",1879,NA
"JPN",1880,NA
"JPN",1881,NA
"JPN",1882,NA
"JPN",1883,NA
"JPN",1884,NA
"JPN",1885,NA
"JPN",1886,NA
"JPN",1887,NA
"JPN",1888,NA
"JPN",1889,NA
"JPN",1890,NA
"JPN",1891,NA
"JPN",1892,NA
"JPN",1893,NA
"JPN",1894,NA
"JPN",1895,NA
"JPN",1896,NA
"JPN",1897,NA
"JPN",1898,NA
"JPN",1899,NA
"JPN",1900,NA
"JPN",1901,NA
"JPN",1902,NA
"JPN",1903,NA
"JPN",1904,NA
"JPN",1905,NA
"JPN",1906,NA
"JPN",1907,NA
"JPN",1908,NA
"JPN",1909,NA
"JPN",1910,NA
"JPN",1911,NA
"JPN",1912,NA
"JPN",1913,NA
"JPN",1914,NA
"JPN",1915,NA
"JPN",1916,NA
"JPN",1917,NA
"JPN",1918,NA
"JPN",1919,NA
"JPN",1920,NA
"JPN",1921,NA
"JPN",1922,NA
"JPN",1923,NA
"JPN",1924,NA
"JPN",1925,NA
"JPN",1926,NA
"JPN",1927,NA
"JPN",1928,NA
"JPN",1929,NA
"JPN",1930,NA
"JPN",1931,NA
"JPN",1932,NA
"JPN",1933,NA
"JPN",1934,NA
"JPN",1935,NA
"JPN",1936,NA
"JPN",1937,NA
"JPN",1938,NA
"JPN",1939,NA
"JPN",1940,NA
"JPN",1941,NA
"JPN",1942,NA
"JPN",1943,NA
"JPN",1944,NA
"JPN",1945,NA
"JPN",1946,NA
"JPN",1947,NA
"JPN",1948,NA
"JPN",1949,NA
"JPN",1950,NA
"JPN",1951,NA
"JPN",1952,NA
"JPN",1953,NA
"JPN",1954,NA
"JPN",1955,-0.0456593066344817
"JPN",1956,-0.0241681577963517
"JPN",1957,0.012889216849561
"JPN",1958,-0.0206782156889198
"JPN",1959,-0.0316868646964193
"JPN",1960,-0.0367825819383678
"JPN",1961,-0.034278917205385
"JPN",1962,0.140306232522214
"JPN",1963,0.145648245189529
"JPN",1964,0.178318882716554
"JPN",1965,0.166819837796147
"JPN",1966,0.187286087076162
"JPN",1967,0.233978156118119
"JPN",1968,0.224478394388935
"JPN",1969,0.209696193782501
"JPN",1970,0.598395141310488
"JPN",1971,0.564707927631629
"JPN",1972,0.548742926553866
"JPN",1973,0.580898396222738
"JPN",1974,0.621498707014218
"JPN",1975,0.651327293214788
"JPN",1976,0.670885067273008
"JPN",1977,0.691900191999847
"JPN",1978,0.707918472445889
"JPN",1979,0.709584531424744
"JPN",1980,0.741925897296831
"JPN",1981,0.743201323422776
"JPN",1982,0.765867852597463
"JPN",1983,0.775833488647028
"JPN",1984,0.78427631547606
"JPN",1985,0.777114245544783
"JPN",1986,0.787563107121158
"JPN",1987,0.76953665423371
"JPN",1988,0.767664356768873
"JPN",1989,0.759236020184743
"JPN",1990,0.749750742476451
"JPN",1991,0.774967993548956
"JPN",1992,0.827608660821867
"JPN",1993,0.846578095443918
"JPN",1994,0.846533732273199
"JPN",1995,0.84726468852236
"JPN",1996,0.853680977533216
"JPN",1997,0.677472786652902
"JPN",1998,0.692165660010484
"JPN",1999,0.67062695302794
"JPN",2000,0.662308776591504
"JPN",2001,0.596460010051399
"JPN",2002,0.546472992784149
"JPN",2003,0.542114547657547
"JPN",2004,0.511165562772268
"JPN",2005,0.49152760585594
"JPN",2006,0.45471324962694
"JPN",2007,0.412797049439795
"JPN",2008,0.411748984847344
"NLD",1870,NA
"NLD",1871,NA
"NLD",1872,NA
"NLD",1873,NA
"NLD",1874,NA
"NLD",1875,NA
"NLD",1876,NA
"NLD",1877,NA
"NLD",1878,NA
"NLD",1879,NA
"NLD",1880,NA
"NLD",1881,NA
"NLD",1882,NA
"NLD",1883,NA
"NLD",1884,NA
"NLD",1885,NA
"NLD",1886,NA
"NLD",1887,NA
"NLD",1888,NA
"NLD",1889,NA
"NLD",1890,NA
"NLD",1891,NA
"NLD",1892,NA
"NLD",1893,NA
"NLD",1894,NA
"NLD",1895,NA
"NLD",1896,NA
"NLD",1897,NA
"NLD",1898,NA
"NLD",1899,NA
"NLD",1900,0.300663921514216
"NLD",1901,0.39160350002154
"NLD",1902,0.400264263795779
"NLD",1903,0.450117928504782
"NLD",1904,0.453162901619328
"NLD",1905,0.512396906218627
"NLD",1906,0.595194589863654
"NLD",1907,0.550747977873472
"NLD",1908,0.528486955329913
"NLD",1909,0.519840675509326
"NLD",1910,0.497665654491847
"NLD",1911,0.531961732757711
"NLD",1912,0.527440545997939
"NLD",1913,0.634167142166291
"NLD",1914,0.287713631219171
"NLD",1915,0.228278857879083
"NLD",1916,0.200512594672821
"NLD",1917,0.277676059924032
"NLD",1918,0.227840655290641
"NLD",1919,0.436640739415607
"NLD",1920,0.506817626282706
"NLD",1921,0.388764421052986
"NLD",1922,0.325908359540063
"NLD",1923,0.347662725258931
"NLD",1924,0.541940864136058
"NLD",1925,0.567595955257051
"NLD",1926,0.663769563479907
"NLD",1927,0.743442828529702
"NLD",1928,0.73175678479726
"NLD",1929,0.732100764020173
"NLD",1930,0.597589519768264
"NLD",1931,0.325974965318233
"NLD",1932,0.194638552600993
"NLD",1933,0.176370871289532
"NLD",1934,0.180578064549503
"NLD",1935,0.219886615146151
"NLD",1936,0.227112273693938
"NLD",1937,0.22685937269256
"NLD",1938,0.145182009844498
"NLD",1939,-0.00803221644444726
"NLD",1940,-0.285321405577939
"NLD",1941,-0.467596422091297
"NLD",1942,NA
"NLD",1943,NA
"NLD",1944,NA
"NLD",1945,NA
"NLD",1946,NA
"NLD",1947,NA
"NLD",1948,-0.332296907803853
"NLD",1949,-0.42578533851496
"NLD",1950,-0.437567821664901
"NLD",1951,-0.425475905590991
"NLD",1952,-0.438271699883129
"NLD",1953,-0.485396619050147
"NLD",1954,-0.361194111126662
"NLD",1955,-0.320496592548414
"NLD",1956,-0.243719874645888
"NLD",1957,0.134220282391137
"NLD",1958,0.0944422448931225
"NLD",1959,0.117516483012813
"NLD",1960,0.13282322448682
"NLD",1961,0.195499037894753
"NLD",1962,0.276745502302496
"NLD",1963,0.301391670356722
"NLD",1964,0.334197058173035
"NLD",1965,0.421806016228271
"NLD",1966,0.46851464724254
"NLD",1967,0.511964077343719
"NLD",1968,0.518657528193298
"NLD",1969,0.542294079294289
"NLD",1970,0.547371131443209
"NLD",1971,0.584432580451339
"NLD",1972,0.623814224265103
"NLD",1973,0.57408359987916
"NLD",1974,0.529856890772975
"NLD",1975,0.597953417236055
"NLD",1976,0.534064624963443
"NLD",1977,0.70032689236464
"NLD",1978,0.844260279981943
"NLD",1979,0.914134442967924
"NLD",1980,0.974566705288479
"NLD",1981,0.978842129713668
"NLD",1982,0.324358885548087
"NLD",1983,0.321871739679622
"NLD",1984,0.315122328184161
"NLD",1985,0.277727529648653
"NLD",1986,0.288713447280889
"NLD",1987,0.290707690679778
"NLD",1988,0.449291851789772
"NLD",1989,0.38128530783484
"NLD",1990,0.363083888943447
"NLD",1991,0.358934216560594
"NLD",1992,0.341536685570714
"NLD",1993,0.317914875848353
"NLD",1994,0.381693876088012
"NLD",1995,0.431576019045678
"NLD",1996,0.470157261502113
"NLD",1997,0.521510529105245
"NLD",1998,0.536699432933556
"NLD",1999,0.527512807658853
"NLD",2000,0.560802658225418
"NLD",2001,0.509296512742214
"NLD",2002,0.516124508914859
"NLD",2003,0.48642478963399
"NLD",2004,0.526475176251466
"NLD",2005,0.497271080209845
"NLD",2006,0.44937050779391
"NLD",2007,0.552858622212035
"NLD",2008,0.510688231195221
"NOR",1870,NA
"NOR",1871,NA
"NOR",1872,NA
"NOR",1873,NA
"NOR",1874,NA
"NOR",1875,NA
"NOR",1876,NA
"NOR",1877,NA
"NOR",1878,NA
"NOR",1879,NA
"NOR",1880,NA
"NOR",1881,NA
"NOR",1882,NA
"NOR",1883,NA
"NOR",1884,NA
"NOR",1885,NA
"NOR",1886,NA
"NOR",1887,NA
"NOR",1888,NA
"NOR",1889,NA
"NOR",1890,NA
"NOR",1891,NA
"NOR",1892,NA
"NOR",1893,NA
"NOR",1894,NA
"NOR",1895,NA
"NOR",1896,NA
"NOR",1897,NA
"NOR",1898,NA
"NOR",1899,0.47512272187461
"NOR",1900,0.480257492377317
"NOR",1901,0.473211715470139
"NOR",1902,0.481159637156302
"NOR",1903,0.5154980442614
"NOR",1904,0.500212151077897
"NOR",1905,0.452031500505464
"NOR",1906,0.407791997741957
"NOR",1907,0.408756221439546
"NOR",1908,0.409221638395159
"NOR",1909,0.405936212321161
"NOR",1910,0.400505150977341
"NOR",1911,0.412802876474561
"NOR",1912,0.407385211841549
"NOR",1913,0.498327954903063
"NOR",1914,0.489327423376538
"NOR",1915,0.475811884851025
"NOR",1916,0.459022762135584
"NOR",1917,0.400527340497401
"NOR",1918,0.333985432004532
"NOR",1919,0.342647983769062
"NOR",1920,0.379911219901719
"NOR",1921,0.346226821875857
"NOR",1922,0.280401584069553
"NOR",1923,0.358297005821094
"NOR",1924,0.397804749733726
"NOR",1925,0.40638944809012
"NOR",1926,0.408394977083563
"NOR",1927,0.458274005200322
"NOR",1928,0.542740974859892
"NOR",1929,0.544612645192635
"NOR",1930,0.540858759051715
"NOR",1931,0.583077320092583
"NOR",1932,0.613063368806689
"NOR",1933,0.58937144132333
"NOR",1934,0.61551639966351
"NOR",1935,0.601155290972892
"NOR",1936,0.608977162240842
"NOR",1937,0.607825419253947
"NOR",1938,0.574385629066403
"NOR",1939,0.607993355665784
"NOR",1940,NA
"NOR",1941,NA
"NOR",1942,NA
"NOR",1943,NA
"NOR",1944,NA
"NOR",1945,NA
"NOR",1946,-0.449774750475873
"NOR",1947,-0.284096771810199
"NOR",1948,-0.193853182476819
"NOR",1949,-0.0492307535052286
"NOR",1950,0.0628046470246312
"NOR",1951,0.16922207660283
"NOR",1952,0.171086920522488
"NOR",1953,0.243054336261225
"NOR",1954,0.308100829324216
"NOR",1955,0.401981749280791
"NOR",1956,0.455185553198384
"NOR",1957,0.505771173269059
"NOR",1958,0.568354007564996
"NOR",1959,0.620241279934905
"NOR",1960,0.664256153594769
"NOR",1961,0.723296352242598
"NOR",1962,0.752168306342138
"NOR",1963,0.776096617877396
"NOR",1964,0.804642272971028
"NOR",1965,0.814495437961105
"NOR",1966,0.842486131913618
"NOR",1967,0.861944127048341
"NOR",1968,0.846753295519962
"NOR",1969,0.827789349815195
"NOR",1970,0.822110018623907
"NOR",1971,0.809497111103797
"NOR",1972,0.820854488109071
"NOR",1973,0.852885588394348
"NOR",1974,0.872445763076169
"NOR",1975,0.940232358749161
"NOR",1976,0.958737957482476
"NOR",1977,0.984060378827286
"NOR",1978,0.975079454700865
"NOR",1979,0.935948777982793
"NOR",1980,0.955441990567585
"NOR",1981,0.95200003055508
"NOR",1982,1.00693714859602
"NOR",1983,1.02921095527573
"NOR",1984,1.03894720843584
"NOR",1985,0.978955568219613
"NOR",1986,1.08201947687041
"NOR",1987,1.10944472580171
"NOR",1988,1.06009027685926
"NOR",1989,1.06933355564147
"NOR",1990,1.01964019807168
"NOR",1991,0.931467748479417
"NOR",1992,0.843182373773029
"NOR",1993,0.795880043107123
"NOR",1994,0.750749094746039
"NOR",1995,0.727349463096384
"NOR",1996,0.72204332431995
"NOR",1997,0.810651448750035
"NOR",1998,0.870782936863794
"NOR",1999,0.912625150544203
"NOR",2000,0.935734895007598
"NOR",2001,0.932480919577604
"NOR",2002,0.907850646272685
"NOR",2003,0.909867241944693
"NOR",2004,0.944876555841899
"NOR",2005,0.996544332482242
"NOR",2006,1.0108569998085
"NOR",2007,1.00501530935481
"NOR",2008,1.0362688645923
"SWE",1870,NA
"SWE",1871,-0.151938519443268
"SWE",1872,-0.134624208413467
"SWE",1873,-0.0546851598356223
"SWE",1874,-0.0306216885076928
"SWE",1875,-0.0184259387374438
"SWE",1876,0.00406501730445705
"SWE",1877,0.0558182268478085
"SWE",1878,0.0778060441732753
"SWE",1879,0.0308005848651631
"SWE",1880,0.016375294508229
"SWE",1881,-0.00215565321572205
"SWE",1882,0.00975617494536378
"SWE",1883,-0.00560012046156293
"SWE",1884,-0.0252085774987331
"SWE",1885,-0.0466971325360347
"SWE",1886,-0.0688620223442833
"SWE",1887,-0.0773447135860322
"SWE",1888,-0.10012213459924
"SWE",1889,-0.112374988798948
"SWE",1890,-0.119162398380015
"SWE",1891,-0.118299727014567
"SWE",1892,-0.108933763499101
"SWE",1893,-0.118628987067655
"SWE",1894,-0.10441199177789
"SWE",1895,-0.125316892703653
"SWE",1896,-0.0946310850883657
"SWE",1897,-0.0404128753524602
"SWE",1898,-0.0194400861576213
"SWE",1899,0.00201562455034754
"SWE",1900,-0.0137711268399035
"SWE",1901,-0.0196274845618357
"SWE",1902,-0.0330365550291599
"SWE",1903,-0.035692448177839
"SWE",1904,-0.0402458141473829
"SWE",1905,-0.0309757474829593
"SWE",1906,-0.00592298558055194
"SWE",1907,0.0303620311537587
"SWE",1908,0.00236898725016966
"SWE",1909,0.00117282174647498
"SWE",1910,-0.01323753031936
"SWE",1911,-0.030262864625129
"SWE",1912,-0.0280853449375079
"SWE",1913,-0.0331454554507836
"SWE",1914,-0.0311831617566887
"SWE",1915,-0.0188372191427907
"SWE",1916,-0.00259835716845307
"SWE",1917,0.0403858180425969
"SWE",1918,0.0135110428006319
"SWE",1919,0.00652393881385973
"SWE",1920,-0.0123780634489763
"SWE",1921,-0.0399050898653801
"SWE",1922,-0.10876067607064
"SWE",1923,-0.164995055122584
"SWE",1924,-0.171834088694736
"SWE",1925,-0.198897773557103
"SWE",1926,-0.220148925341036
"SWE",1927,-0.247341717940561
"SWE",1928,-0.26578108688678
"SWE",1929,-0.288433011537746
"SWE",1930,-0.272908441998888
"SWE",1931,-0.319042008054689
"SWE",1932,-0.307653382443574
"SWE",1933,-0.336353743241935
"SWE",1934,-0.403309708600723
"SWE",1935,-0.427219872786111
"SWE",1936,-0.438729093880168
"SWE",1937,-0.454210777452986
"SWE",1938,-0.483755810793318
"SWE",1939,-0.492738484044852
"SWE",1940,-0.574674255563093
"SWE",1941,-0.563999929180635
"SWE",1942,-0.612465598339288
"SWE",1943,-0.64098382850457
"SWE",1944,-0.658009286390758
"SWE",1945,-0.663820681963525
"SWE",1946,-0.667761209246928
"SWE",1947,-0.677247539005659
"SWE",1948,-0.720946049873563
"SWE",1949,-0.724819429656766
"SWE",1950,-0.696832133854819
"SWE",1951,-0.661624847642713
"SWE",1952,-0.743386285954467
"SWE",1953,-0.734593792802823
"SWE",1954,-0.746198111949239
"SWE",1955,-0.796327180179149
"SWE",1956,-0.809752189302136
"SWE",1957,-0.795768254770325
"SWE",1958,-0.768448544334163
"SWE",1959,-0.718723197092301
"SWE",1960,-0.738643324796302
"SWE",1961,-0.751740917708373
"SWE",1962,-0.703429942115044
"SWE",1963,-0.668587005892083
"SWE",1964,-0.641682197776092
"SWE",1965,-0.626797606566607
"SWE",1966,-0.574977665775052
"SWE",1967,-0.537227341499853
"SWE",1968,-0.546700820807707
"SWE",1969,-0.522214485585214
"SWE",1970,-0.51335167427492
"SWE",1971,-0.529371869207691
"SWE",1972,-0.506866198896337
"SWE",1973,-0.45278945487115
"SWE",1974,-0.207305448713743
"SWE",1975,-0.200050284622584
"SWE",1976,-0.1882405400934
"SWE",1977,-0.133770052194704
"SWE",1978,-0.135852767081205
"SWE",1979,-0.133943084303034
"SWE",1980,-0.043358600333115
"SWE",1981,0.0439472903007435
"SWE",1982,0.102328170177216
"SWE",1983,0.158819461133338
"SWE",1984,0.192645153599948
"SWE",1985,0.207445527086415
"SWE",1986,0.202894322694691
"SWE",1987,0.313411346843269
"SWE",1988,0.483461981390013
"SWE",1989,0.587564938040711
"SWE",1990,0.682844174861107
"SWE",1991,0.59515087270754
"SWE",1992,0.52817784937851
"SWE",1993,0.64296488000578
"SWE",1994,0.639329064467293
"SWE",1995,0.749257589173931
"SWE",1996,0.803366774681567
"SWE",1997,0.933704008060295
"SWE",1998,1.02609563215181
"SWE",1999,0.956485520645279
"SWE",2000,1.08525919942017
"SWE",2001,1.10770707983535
"SWE",2002,1.10777899329964
"SWE",2003,1.07838837593542
"SWE",2004,1.19764604388274
"SWE",2005,1.26083905461917
"SWE",2006,1.2830972749151
"SWE",2007,1.29971925057123
"SWE",2008,1.37763234881079
"USA",1870,NA
"USA",1871,NA
"USA",1872,NA
"USA",1873,NA
"USA",1874,NA
"USA",1875,NA
"USA",1876,NA
"USA",1877,NA
"USA",1878,NA
"USA",1879,NA
"USA",1880,0.242492742926843
"USA",1881,0.190363770399842
"USA",1882,0.155859269291699
"USA",1883,0.13889979778555
"USA",1884,0.142017933000656
"USA",1885,0.163737033273665
"USA",1886,0.110218856020482
"USA",1887,0.179850712066546
"USA",1888,0.205590964349087
"USA",1889,0.231760078810921
"USA",1890,0.21447314527405
"USA",1891,0.203602339208514
"USA",1892,0.222898552876691
"USA",1893,0.252842694142058
"USA",1894,0.263128164700108
"USA",1895,0.270399764192021
"USA",1896,0.281444618911279
"USA",1897,0.264046167098093
"USA",1898,0.227820250040446
"USA",1899,0.227827925338485
"USA",1900,0.21076323804594
"USA",1901,0.226228892924214
"USA",1902,0.20494078207071
"USA",1903,0.204302502150191
"USA",1904,0.208288035159182
"USA",1905,0.201913999822718
"USA",1906,0.193583435820968
"USA",1907,0.218728592841875
"USA",1908,0.216731108471142
"USA",1909,0.187808004916227
"USA",1910,0.207158716278125
"USA",1911,0.195199554651919
"USA",1912,0.184194529097332
"USA",1913,0.174316470032616
"USA",1914,0.179560848926094
"USA",1915,0.1421805056063
"USA",1916,0.111867388672457
"USA",1917,0.109005417961593
"USA",1918,0.0923398150190543
"USA",1919,0.0890821192392194
"USA",1920,0.0844150419350348
"USA",1921,0.0778954477784858
"USA",1922,0.0595164060611971
"USA",1923,0.0525994679917239
"USA",1924,0.05675055489563
"USA",1925,0.0517983077314252
"USA",1926,0.0605373807216978
"USA",1927,0.0780324518551397
"USA",1928,0.0874708078758083
"USA",1929,0.102541113376695
"USA",1930,0.151815253156909
"USA",1931,0.173914142866464
"USA",1932,0.152160988395027
"USA",1933,0.167393444606832
"USA",1934,0.17052203739214
"USA",1935,0.099885477556346
"USA",1936,0.0976432289747515
"USA",1937,0.0755523632955313
"USA",1938,0.0642187002015309
"USA",1939,0.0623699648661399
"USA",1940,0.0347887785169539
"USA",1941,NA
"USA",1942,NA
"USA",1943,NA
"USA",1944,NA
"USA",1945,NA
"USA",1946,NA
"USA",1947,NA
"USA",1948,NA
"USA",1949,NA
"USA",1950,NA
"USA",1951,NA
"USA",1952,-0.120026882269692
"USA",1953,-0.104938447571357
"USA",1954,-0.0679426818303979
"USA",1955,-0.04751391905716
"USA",1956,-0.020036163118462
"USA",1957,-0.0038223042017323
"USA",1958,0.0397384776112965
"USA",1959,0.0321746677554265
"USA",1960,0.0424268231599564
"USA",1961,0.0589626015187407
"USA",1962,0.0719442731144234
"USA",1963,0.085582732472275
"USA",1964,0.101246320218547
"USA",1965,0.120458000240523
"USA",1966,0.135396432814657
"USA",1967,0.141797109343243
"USA",1968,0.159043465799062
"USA",1969,0.177260207440587
"USA",1970,0.188391865735239
"USA",1971,0.174999605131154
"USA",1972,0.184707371180156
"USA",1973,0.249092351347951
"USA",1974,0.284100668549434
"USA",1975,0.232617105217852
"USA",1976,0.208179936685156
"USA",1977,0.229670542779344
"USA",1978,0.27027317567084
"USA",1979,0.30500577211853
"USA",1980,0.304415668620561
"USA",1981,0.307498054942208
"USA",1982,0.280837612923796
"USA",1983,0.273319272922033
"USA",1984,0.319156225752744
"USA",1985,0.337822000515986
"USA",1986,0.345598143368404
"USA",1987,0.37941370245251
"USA",1988,0.38836193673724
"USA",1989,0.379370284421342
"USA",1990,0.361839980778705
"USA",1991,0.33150881591624
"USA",1992,0.339292224974999
"USA",1993,0.35879475735533
"USA",1994,0.406281375296571
"USA",1995,0.440249043884986
"USA",1996,0.451311072888351
"USA",1997,0.477806596672412
"USA",1998,0.485847239207793
"USA",1999,0.511729290771081
"USA",2000,0.531089998156791
"USA",2001,0.518853132920676
"USA",2002,0.510542454891127
"USA",2003,0.519094380210715
"USA",2004,0.532924626493283
"USA",2005,0.581188387200156
"USA",2006,0.614657796715877
"USA",2007,0.646422399652527
"USA",2008,0.609998943457546
